Adam, Adrian, Alan, Alastair, Albert, Alec, Alex, Alexander, Alfie, Alfred, Alistair, Ambrose, Andrew, Anthony, Antony, Arnold, Arthur, Ashley, Austin, Barnabas, Barnaby, Barry, Basil, Ben, Benedict, Benjamin, Bernard, Bert, Bertie, Bertram, Bill, Bob, Boyd, Brad, Bradley, Brandon, Brendan, Brent, Bret, Brian, Bruce, Byron, Cameron, Carl, Cecil, Chad, Charles, Christian, Christopher, Clarence, Clark, Cliff, Clifford, Clive, Cody, Colin, Conrad, Cornelius, Craig, Dale, Daley, Damian, Damien, Damon, Dan, Daniel, Danny, Darren, Darryl, David, Dean, Dennis, Derek, Deric, Desmond, Dirk, Dominic, Donald, Douglas, Duane, Dudley, Duncan, Dustin, Edgar, Edmon, Edmund, Edward, Edwin, Eliot, Elroy, Elvis, Eric, Ernest, Eugene, Felix, Francis, Frank, Fred, Freddie, Frederick, Gareth, Gary, Gavin, Geoffrey, George, Gerald, Gerard, Gerold, Gilbert, Giles, Glen, Godfrey, Gordon, Graham, Grant, Gregg, Gregory, Guy, Harold, Harry, Harvey, Hayden, Hector, Hentry, Herbert, Howard, Hubert, Hugh, Ian, Ivan, Ivor, Jack, Jacob, Jake, James, Jamie, Jared, Jason, Jeff, Jeffrey, Jeremy, Jerry, Jesse, Joel, John, Jonathan, Jordan, Joseph, Joshua, Julian, Justin, Kane, Karl, Keith, Kelvin, Ken, Kenneth, Kevin, Kieran, Kirk, Kurt, Kyle, Lance, Laurence, Larry, Lee, Leighton, Leo, Leon, Leonard, Leroy, Leslie, Lewis, Liam, Lionel, Lloyd, Louis, Luke, Malcolm, Marcus, Mark, Martin, Marty, Matt, Matthew, Maurice, Max, Maximilian, Maxwell, Melvin, Michael, Miles, Mitchell, Nathan, Nathaniel, Neil, Nevil, Neville, Niall, Nicholas, Nick, Nigel, Noël, Norman, Oliver, Oscar, Owen, Pat, Patrick, Paul, Percival, Percy, Perry, Peter, Philip, Piers, Ralph, Randal, Randy, Ray, Raymond, Reginald, Reuben, Rex, Richard, Rickie, Robert, Robin, Roderick, Rodney, Roger, Roland, Ronald, Rory, Ross, Roy, Royston, Rupert, Russell, Ryan, Sam, Samuel, Scott, Sean, Sebastian, Shane, Shaun, Sidney, Simon, Spencer, Stanley, Stephen, Steve, Steven, Steward, Stuard, Terence, Terry, Theodore, Thomas, Timothy, Toby, Todd, Tony, Travis, Trevor, Troy, Tyler, Vaughan, Vernon, Victor, Vincent, Wal, Walter, Warren, Wayne, Wesley, Wilfred, William, Winston, Zachary